{
    "likelihoods": {
        "Outlook": {
            "Sunny": {
                "Yes": 0.25,
                "No": 0.5
            },
            "Overcast": {
                "Yes": 0.4166666666666667,
                "No": 0.125
            },
            "Rain": {
                "Yes": 0.3333333333333333,
                "No": 0.375
            }
        },
        "Temperature": {
            "Hot": {
                "Yes": 0.2222222222222222,
                "No": 0.4
            },
            "Mild": {
                "Yes": 0.4444444444444444,
                "No": 0.4
            },
            "Cool": {
                "Yes": 0.3333333333333333,
                "No": 0.2
            }
        },
        "Humidity": {
            "High": {
                "Yes": 0.3333333333333333,
                "No": 0.8
            },
            "Normal": {
                "Yes": 0.6666666666666666,
                "No": 0.2
            }
        },
        "Wind": {
            "Weak": {
                "Yes": 0.6666666666666666,
                "No": 0.4
            },
            "Strong": {
                "Yes": 0.3333333333333333,
                "No": 0.6
            }
        }
    },
    "priorProbabilities": {
        "Yes": 0.6428571428571429,
        "No": 0.35714285714285715
    }
}